{
  "name": "Chicago Does Reels",
  "category": "industry relationship",
  "billing_period": "quarter",

  "duration_quarter_map": {
    "1X": 1,
    "2X": 2,
    "3X": 3,
    "4X": 4
  },

  "price_options": [
    {
      "name": "Retail",
      "price_usd": {
        "1X": 995,
        "2X": 995,
        "3X": 995,
        "4X": 995
      },
      "notes": "Max 4 per year. Reels cannot be scheduled within 3 months of each other!"
    },
    {
      "name": "With other purchase",
      "price_usd": {
        "1X": 895,
        "2X": 895,
        "3X": 895,
        "4X": 895
      },
      "notes": "Max 4 per year. Reels cannot be scheduled within 3 months of each other!"
    }
  ],

  "discount_policy": {
    "rules": [
      "No discounts beyond $895."
    ],
    "stacking_allowed": false
  },
  "sales_strategy": "Highlight reach via ChicagoDoes TikTok & Instagram channels to showcase client exposure and engagement value. Remember this covers expenses including strategy, transportation, ideation, shooting, editing, & posting and our ChicagoDoes channels on TikTok & Instagram have over 75,000 followers!",
  "product_description": "Boost your hospitality brand with short-form videos on TikTok and Instagram, produced and published through ChicagoDoes’ high-reach channels. We create engaging reels that showcase your offerings, share behind-the-scenes moments, and tell your story—while promoting specials, tapping trending challenges, and encouraging user-generated content. Ideal for restaurants, bars, hotels, attractions, theaters, museums, transport, and retail, these reels expand your reach, elevate your online presence, and drive bookings and visits."
}