{
  "name": "Network Events",
  "price_options": [
    {
      "name": "HOST",
      "price_usd": 3500,
      "notes": "Must spend over $12,500 annually to participate to get for free. Will make exception under that budget if it is an opportunity to boost the Ateema brand or fill another need. Do not sell or offer this without talking to President. Use this dollar amount to show the overall financial value for the event on recommendations."
    },
    {
      "name": "ATTEND",
      "price_usd": 2500,
      "notes": "Per year. Every client gets 2 invitations to each of our networking events as added value. Typically we have at least 10 events per year. Value proposition: we build the right relationships and database, create invitations, get the right audience in the room, do check-in, manage the event, provide food and drinks, etc. A client can meet just 1 concierge or planner and make more than the cost of the client's overall investment with us in just one year."
    }
  ],
  "discount_policy": null,
  "sales_strategy": null,
  "product_description": "Concierge Networking Events\nBring together Chicago’s concierge and guest services professionals to show off your business and all of your offerings.\nYour business is responsible for providing quality food & beverages while putting a spotlight on your venue’s unique offerings. Ateema will market the event and register attendees.",
  "description": null
}