{
  "name": "Chicago Does Reels",
  "price_options": [
    {
      "pricing": {
        "retail_price_usd": 995,
        "bundle_price_usd": 895
      }
    }
  ],
  "discount_policy": {
    "rules": [
      "No discounts beyond $895."
    ],
    "stacking_allowed": false
  },
  "sales_strategy": "Highlight reach via ChicagoDoes TikTok & Instagram channels to showcase client exposure and engagement value. Remember this covers expenses including strategy, transportation, ideation, shooting, editing, & posting and our ChicagoDoes channels on TikTok & Instagram have over 75,000 followers!"
}