{
  "name": "Summit — Booth",
  "category": "industry relationship",
  "billing_period": "one_time",
  "price_options": [
    {
      "name": "Basic Booth — advertiser rate",
      "price_usd": 2795,
      "target_budget_max": 10000,
      "notes": "Target market: any business, especially under $10,000 annual budget."
    },
    {
      "name": "Basic Booth — non-advertiser rate",
      "price_usd": 3195,
      "target_budget_max": 10000,
      "notes": "Target market: any business, especially under $10,000 annual budget."
    },
    {
      "name": "Premium Booth",
      "price_usd": 3595,
      "target_budget_max": 15000,
      "notes": "Target market: any business, especially under $15,000 annual budget."
    },
    {
      "name": "Double Booth",
      "price_usd": 4645,
      "target_budget_max": 15000,
      "notes": "Target market: any business, especially under $15,000 annual budget."
    },
    {
      "name": "Double Premium",
      "price_usd": 5445,
      "target_budget_max": 15000,
      "notes": "Target market: any business, especially under $15,000 annual budget."
    },
    {
      "name": "Dominant Booth",
      "price_usd": 4995,
      "target_budget_max": 15000,
      "notes": "Target market: any business, especially under $15,000 annual budget."
    },
    {
      "name": "Double Dominant",
      "price_usd": 5795,
      "target_budget_max": 15000,
      "notes": "Target market: any business, especially under $15,000 annual budget."
    },

    {
      "name": "Illinois CVB Booth (in Illinois) — Local DMO",
      "price_usd": 2795,
      "notes": "Target market: any CVB (convention bureau in Illinois)."
    },
    {
      "name": "Illinois CVB Double Booth — Local DMO",
      "price_usd": 4495,
      "notes": "Target market: any CVB (convention bureau in Illinois)."
    },
    {
      "name": "DMO (out of Illinois)",
      "price_usd": 3495,
      "notes": "Target market: any CVB or DMO from outside of Illinois."
    }
  ],

  "discount_policy": null,
  "sales_strategy": null,
  "product_description": "Exhibitor booth options for Summit 2026 using the 4/15–6/14 (billed for 9/1) pricing window."
}
